file,class,contact_sheets,contact_rows,distinct_emails,multiemail_cells,fwdfill_rows,mapped_fields,google
190039-Contacts.xlsx,AUTO,2,85,44,4,43,company|discipline|email|mobile|note|phone,
190040-Contacts.xlsx,AUTO,1,56,58,0,26,company|contact|discipline|email|mobile|phone,
190044-Contacts.xlsx,AUTO,4,119,97,1,2,company|contact|email|phone|role,
190093-Contacts.xlsx,AUTO,1,27,27,0,22,company|contact|discipline|email|mobile|phone|role,
190106-Contacts.xlsx,AUTO,1,29,40,8,6,address|company|discipline|email|phone,
190117-Contacts.xlsx,AUTO,1,37,51,5,7,address|company|discipline|email|mobile|phone,
210007-Contacts.xlsx,AUTO,1,44,44,0,19,company|contact|discipline|email|phone,
210010-Contacts.xlsx,NON_CONTACT,0,0,0,0,0,,
210020-Contacts.xlsx,AUTO,1,25,53,11,0,address|company|discipline|email|phone,
210026-Contacts.xlsx,AUTO,1,49,48,0,13,company|contact|email|mobile,
210033-Contacts.xlsx,MANUAL,1,29,42,0,2,address|company|contact|discipline|mobile|phone,
210036-Contacts.xlsx,NON_CONTACT,0,0,0,0,0,,
210041-Contacts.xlsx,MANUAL,1,46,67,0,3,address|company|contact|discipline|mobile|phone,
210042-Contacts.xlsx,AUTO,1,24,24,0,5,company|contact|email|mobile,
210044-Contacts.xlsx,MANUAL,1,29,35,0,3,address|company|contact|discipline|mobile|phone,
210048-Contacts.xlsx,ERROR,File contains no valid workbook part,,,,,,
210049-Contacts.xlsx,AUTO,1,30,30,0,10,company|contact|email|phone|role,
210050-Contacts.xlsx,MANUAL,1,50,48,0,2,address|company|contact|mobile|phone|role,
210051-Contacts.xlsx,AUTO,1,22,19,0,2,address|company|contact|email|mobile|phone,
210058-Contacts.xlsx,AUTO,1,32,31,0,14,company|discipline|email|mobile|phone|role,
210059-Contacts.xlsx,AUTO,1,18,18,0,5,company|contact|discipline|email|mobile,
210060-Contacts.xlsx,AUTO,1,28,29,1,8,address|company|discipline|email|mobile|phone,
210065-Contacts.xlsx,ERROR,File is not a zip file,,,,,,
210067-Contacts.xlsx,AUTO,2,103,100,0,51,company|contact|email|mobile|phone|role,
210070-Contacts.xlsx,ERROR,Bad magic number for file header,,,,,,
210075-Contacts.xlsx,ERROR,File is not a zip file,,,,,,
210077-Contacts.xlsx,AUTO,2,139,143,42,63,address|company|email|mobile,
210078-Contacts.xlsx,AUTO,1,46,83,13,1,address|company|contact|discipline|email|phone,
210079-Contacts.xlsx,AUTO,2,48,32,2,0,contact|discipline|email|phone,
210081-Contacts.xlsx,ERROR,File is not a zip file,,,,,,
210083-Contacts.csv,HEADERLESS_EMAILS,1,38,37,0,0,,
210083-Contacts.xlsx,AUTO,1,38,37,0,9,address|company|contact|discipline|email|mobile|phone,
210087-Contacts.xlsx,MANUAL,1,31,31,0,11,address|company|contact|mobile|phone|role,
220090-Contacts.xlsx,ERROR,File is not a zip file,,,,,,
220095-Contacts.xlsx,MANUAL,1,31,31,0,12,address|company|contact|mobile|phone|role,
220097-Contacts.xlsx,AUTO,1,30,46,11,0,address|company|discipline|email|phone,
220098-Contacts.csv,HEADERLESS_EMAILS,1,49,48,0,0,,
220098-Contacts.xlsx,AUTO,1,49,48,0,27,address|company|contact|email|mobile|phone|role,
220103-Contacts.csv,HEADERLESS_EMAILS,1,33,33,0,0,,
220103-Contacts.xlsx,HEADERLESS_EMAILS,1,33,33,0,0,,
220104-Contacts.xlsx,ERROR,File is not a zip file,,,,,,
220107-Contacts.xlsx,AUTO,1,36,36,0,12,company|contact|discipline|email|mobile,
220108-Contacts.xlsx,AUTO,1,145,131,3,61,company|email|mobile|phone|role,
220109-Contacts.csv,AUTO,1,16,16,0,9,company|discipline|email|mobile|phone,
220109-Contacts.xlsx,AUTO,1,16,16,0,9,company|discipline|email|mobile|phone,
220110-Contacts.csv,HEADERLESS_EMAILS,1,56,56,0,0,,
220110-Contacts.xlsx,ERROR,File is not a zip file,,,,,,
220114-Contacts.xlsx,MANUAL,1,32,33,0,9,company|contact|discipline|mobile|phone,
220116-Contacts.xlsx,ERROR,File is not a zip file,,,,,,
220119-Contacts.xlsx,ERROR,File is not a zip file,,,,,,
220120-Contacts.xlsx,ERROR,File is not a zip file,,,,,,
220123-Contacts.xlsx,AUTO,1,32,32,0,0,address|company|contact|discipline|email|mobile|phone,
220125-Contacts.xlsx,MANUAL,1,78,105,0,48,company|contact|discipline|mobile|phone|role,
220133-Contacts.xlsx,AUTO,1,18,17,0,0,company|contact|discipline|email|phone,
220139-Contacts.xlsx,HEADERLESS_EMAILS,1,29,29,0,0,,
220141-Contacts.xlsx,ERROR,File is not a zip file,,,,,,
220144-Contacts.xlsx,MANUAL,1,29,75,0,1,address|company|contact|discipline|mobile|phone,
220146-Contacts.xlsx,ERROR,File is not a zip file,,,,,,
220148-Contacts.xlsx,AUTO,1,28,40,12,0,address|contact|discipline|email|mobile|phone,
220149-Contacts.csv,GOOGLE_EXPORT,1,27,25,0,0,company|contact|email|note,g
220153-Contacts.xlsx,AUTO,1,41,42,1,13,address|company|contact|email|mobile|phone|role,
220155-Contacts.xlsx,AUTO,1,21,21,0,0,address|company|contact|email|mobile|phone|role,
220156-Contacts.xlsx,AUTO,1,149,149,0,0,address|contact|email|mobile|phone|role,
220157-Contacts.xlsx,ERROR,File contains no valid workbook part,,,,,,
220158-Contacts.xlsx,ERROR,File is not a zip file,,,,,,
220166-Contacts.xlsx,AUTO,1,25,25,0,4,address|company|contact|email|mobile|phone|role,
230001-Contacts.xlsx,NON_CONTACT,0,0,0,0,0,,
230005-Contacts.xlsx,AUTO,1,78,82,6,3,address|company|contact|discipline|email|mobile|phone,
230009-Contacts.xlsx,AUTO,1,22,26,4,0,address|company|discipline|email|phone,
230011-Contacts.xlsx,AUTO,2,67,43,0,27,company|contact|email|mobile|phone|role,
230012-Contacts.xlsx,AUTO,1,123,129,2,0,address|contact|discipline|email|mobile|note|phone,
230015-Contacts.xlsx,AUTO,1,48,44,0,0,contact|email|mobile|phone,
230017-Contacts.xlsx,AUTO,2,67,75,2,18,company|contact|discipline|email|mobile|phone|role,
230018-Contacts.xlsx,AUTO,1,41,40,0,0,contact|email|mobile|phone,
230020-Contacts.xlsx,AUTO,1,50,50,0,31,company|contact|discipline|email|mobile|phone,
230021-Contacts.xlsx,AUTO,1,135,134,0,52,address|company|contact|email|mobile|role,
230023-Contacts.xlsx,ERROR,File is not a zip file,,,,,,
230025-Contacts.xlsx,AUTO,2,32,32,0,6,company|contact|email|mobile|note|phone|role,
230026-Contacts.xlsx,AUTO,1,18,18,0,4,company|discipline|email|mobile|phone,
230030-Contacts.xlsx,MANUAL,1,36,52,0,3,address|company|contact|discipline|mobile|phone,
230031-Contacts.xlsx,AUTO,1,23,23,0,0,company|discipline|email|mobile|note,
230033-Contacts.xlsx,NON_CONTACT,0,0,0,0,0,,
230034-Contacts.xlsx,AUTO,1,20,18,0,0,company|contact|email|phone,
230039-Contacts.xlsx,AUTO,1,31,30,0,0,contact|email|mobile|phone|role,
230041-Contacts.xlsx,AUTO,1,44,44,0,0,discipline|email|phone,
230045-Contacts.xlsx,AUTO,1,36,48,8,1,address|company|discipline|email|mobile|phone,
230047-Contacts.xlsx,AUTO,1,36,36,0,0,contact|discipline|email|mobile|phone,
230053-Contacts.xlsx,AUTO,1,12,12,0,0,company|contact|discipline|email|phone,
230054-Contacts.xlsx,AUTO,1,45,63,15,0,address|company|discipline|email|phone,
230055-Contacts.xlsx,AUTO,2,59,59,0,13,address|company|contact|discipline|email|mobile|phone|role,
230056-Contacts.xlsx,AUTO,1,20,20,0,0,address|contact|email|phone,
230057-Contacts.xlsx,ERROR,File is not a zip file,,,,,,
230076-Contacts.xlsx,AUTO,1,34,34,0,0,address|contact|email|phone,
230080-Contacts.csv,GOOGLE_EXPORT,1,13,13,0,0,contact|email|note,g
230080-Contacts.xlsx,AUTO,7,367,166,115,4,address|company|contact|discipline|email|mobile|phone|role,
230085-Contacts.xlsx,AUTO,2,57,51,0,23,company|email|mobile,
230088-Contacts.xlsx,AUTO,1,13,13,0,0,company|contact|email|phone|role,
230091-Contacts.xlsx,AUTO,1,29,31,2,12,address|company|contact|discipline|email|mobile|phone,
240006-Contacts.xlsx,NON_CONTACT,0,0,0,0,0,,
240018-Contacts.xlsx,AUTO,1,14,14,0,0,company|discipline|email|mobile,
240023-Contacts.xlsx,MANUAL,1,26,44,0,2,address|company|contact|discipline|mobile|phone,
240024-Contacts.xlsx,MANUAL,1,26,38,0,2,address|company|contact|discipline|mobile|phone,
240025-Contacts.xlsx,AUTO,1,64,64,0,27,company|contact|discipline|email|mobile|phone,
240030-Contacts.xlsx,AUTO,1,38,38,0,8,address|company|contact|email|mobile|role,
240031-Contacts.xlsx,ERROR,"""There is no item named '[Content_Types].xml' in the archive""",,,,,,
240032-Contacts.xlsx,MANUAL,1,43,43,0,22,address|company|contact|mobile|phone|role,
240038-Contacts.xlsx,AUTO,1,59,59,0,3,address|company|contact|email|phone|role,
240043-Contacts.xlsx,AUTO,1,15,15,0,4,company|email|phone|role,
240054-Contacts.xlsx,AUTO,1,14,12,0,0,email|phone,
240061-Contacts.xlsx,AUTO,1,33,33,0,0,address|company|contact|email|phone|role,
240062-Contacts.xlsx,AUTO,8,739,344,2,67,company|contact|email|mobile|note|phone|role,
240067-Contacts.xlsx,AUTO,1,16,16,0,10,address|company|contact|discipline|email|mobile|phone,
240075-Contacts.xlsx,MANUAL,1,51,52,0,1,address|company|contact|mobile|phone|role,
240077-Contacts.xlsx,AUTO,1,23,32,10,0,company|contact|discipline|email|mobile|phone,
240078-Contacts.xlsx,AUTO,1,7,7,0,0,company|contact|email|phone|role,
240079-Contacts.xlsx,AUTO,1,8,8,0,0,company|contact|email|phone|role,
240080-Contacts.xlsx,AUTO,1,9,9,0,0,company|contact|email|phone|role,
240081-Contacts.xlsx,AUTO,1,11,11,0,0,company|contact|email|phone|role,
240082-Contacts.xlsx,AUTO,1,19,19,0,0,company|contact|email|phone|role,
240083-Contacts.xlsx,ERROR,File is not a zip file,,,,,,
240085-Contacts.xlsx,AUTO,1,29,36,4,9,company|contact|email|role,
240089-Contacts.xlsx,AUTO,1,33,33,0,11,address|company|email|mobile|phone|role,
240094-Contacts.xlsx,AUTO,1,42,42,0,18,company|contact|discipline|email|mobile|phone,
240097-Contacts.xlsx,AUTO,1,64,64,0,0,company|contact|email|phone|role,
240101-Contacts.xlsx,AUTO,1,61,66,4,19,company|discipline|email|phone,
240102-Contacts.xlsx,MANUAL,1,16,42,0,2,address|company|contact|discipline|mobile|phone,
240107-Contacts.xlsx,AUTO,1,128,127,0,46,address|company|contact|email|mobile|role,
240108-Contacts.xlsx,NON_CONTACT,0,0,0,0,0,,
240109-Contacts.xlsx,AUTO,1,37,37,0,15,address|company|contact|discipline|email|mobile|phone|role,
240113-Contacts.xlsx,AUTO,1,48,47,0,1,company|contact|email|phone|role,
240114-Contacts.xlsx,AUTO,1,35,34,0,20,company|contact|email|mobile|phone|role,
240115-Contacts.xlsx,ERROR,File is not a zip file,,,,,,
240119-Contacts.xlsx,NON_CONTACT,0,0,0,0,0,,
240120-Contacts.xlsx,AUTO,1,71,67,0,42,address|company|contact|discipline|email|mobile|phone|role,
240126-Contacts.xlsx,AUTO,1,23,23,0,2,company|contact|email|phone,
240129-Contacts.xlsx,AUTO,1,43,40,0,27,company|contact|email|mobile|phone,
240132-Contacts.xlsx,ERROR,File is not a zip file,,,,,,
240134-Contacts.xlsx,ERROR,File is not a zip file,,,,,,
240135-Contacts.xlsx,AUTO,1,19,33,4,0,company|contact|discipline|email|mobile|phone,
240136-Contacts.xlsx,AUTO,1,28,27,0,13,company|contact|discipline|email|mobile|phone|role,
250001-Contacts.xlsx,AUTO,1,16,15,0,3,company|contact|email|mobile|note|phone|role,
250002-Contacts.xlsx,ERROR,File contains no valid workbook part,,,,,,
250007-Contacts.xlsx,AUTO,1,22,39,11,0,discipline|email|phone,
250013-Contacts.xlsx,AUTO,2,60,56,1,39,company|contact|discipline|email|mobile|phone|role,
250018-Contacts.xlsx,HEADERLESS_EMAILS,1,48,57,0,0,,
250019-Contacts.xlsx,AUTO,1,36,36,0,0,contact|email|mobile|phone,
250020-Contacts.xlsx,AUTO,2,82,42,0,35,company|email|phone|role,
250021-Contacts.xlsx,AUTO,1,18,17,0,12,company|contact|discipline|email,
250031-Contacts.xlsx,AUTO,1,31,31,0,11,address|company|discipline|email|mobile|phone,
250032-Contacts.xlsx,MANUAL,1,40,40,0,21,company|contact|discipline|mobile|phone,
250034-Contacts.xlsx,AUTO,1,7,7,0,0,company|contact|email|phone|role,
250037-Contacts.xlsx,MANUAL,1,40,43,0,21,address|company|mobile,
250038-Contacts.xlsx,AUTO,1,51,51,0,28,address|company|contact|discipline|email|mobile|phone|role,
250039-Contacts.xlsx,AUTO,1,12,12,0,0,contact|discipline|email|phone,
250042-Contacts.xlsx,AUTO,1,96,96,0,14,address|company|contact|email|phone|role,
250045-Contacts.xlsx,MANUAL,1,18,28,0,2,address|company|contact|discipline|mobile|phone,
250047-Contacts.xlsx,AUTO,1,47,45,1,0,email|mobile|phone,
250048-Contacts.xlsx,HEADERLESS_EMAILS,1,6,6,0,0,,
250052-Contacts.xlsx,AUTO,1,19,22,3,3,address|company|discipline|email|phone,
250057-Contacts.xlsx,AUTO,1,40,38,0,14,address|company|contact|email|mobile|phone|role,
250058-Contacts.xlsx,ERROR,File is not a zip file,,,,,,
250059-Contacts.xlsx,AUTO,1,12,12,0,5,company|contact|email|role,
250061-Contacts.xlsx,ERROR,"""There is no item named '[Content_Types].xml' in the archive""",,,,,,
250065-Contacts.xlsx,AUTO,1,67,67,0,39,company|discipline|email|phone,
250067-Contacts.xlsx,AUTO,1,57,57,0,30,company|contact|discipline|email|mobile|phone|role,
250068-Contacts.xlsx,AUTO,4,133,88,0,59,address|company|contact|discipline|email|mobile|note|phone,
250070-Contacts.xlsx,AUTO,1,25,26,1,5,address|company|contact|discipline|email|mobile|phone,
250071-Contacts.xlsx,AUTO,2,61,58,2,14,address|company|contact|discipline|email|mobile|phone,
250072-Contacts.xlsx,AUTO,1,46,45,1,20,address|company|contact|discipline|email|mobile|phone|role,
250079-Contacts.xlsx,AUTO,1,18,21,2,0,contact|email|mobile|phone,
250081-Contacts.xlsx,AUTO,1,22,26,0,2,company|contact|discipline|email|mobile|phone|role,
250082-Contacts.xlsx,AUTO,1,46,47,1,24,company|discipline|email,
250085-Contacts.xlsx,ERROR,File is not a zip file,,,,,,
250088-Contacts.xlsx,AUTO,2,43,31,1,0,discipline|email|mobile|phone,
250089-Contacts.xlsx,AUTO,1,19,19,0,5,company|contact|discipline|email|mobile|phone,
250092-Contacts.xlsx,AUTO,1,25,25,0,15,company|contact|discipline|email|mobile,
250093-Contacts.xlsx,AUTO,1,28,38,0,0,email|phone,
250094-Contacts.xlsx,AUTO,1,19,19,0,11,company|contact|discipline|email,
250097-Contacts.xlsx,AUTO,1,16,20,4,0,contact|email|mobile|phone,
250098-Contacts.xlsx,AUTO,1,30,33,5,5,company|contact|discipline|email|phone,
250102-Contacts.xlsx,AUTO,1,34,36,0,16,company|contact|email|mobile|phone,
250108-Contacts.xlsx,AUTO,1,31,56,17,0,address|company|discipline|email|phone,
250109-Contacts.xlsx,AUTO,1,16,16,0,7,company|contact|discipline|email|mobile|phone,
250110-Contacts.xlsx,AUTO,1,18,18,0,9,company|contact|email,
250111-Contacts.xlsx,AUTO,1,26,26,0,0,company|discipline|email|note|phone,
250113-Contacts.xlsx,AUTO,1,63,63,0,17,address|company|contact|email|phone|role,
250115-Contacts.xlsx,AUTO,1,22,22,0,10,company|contact|discipline|email|mobile|phone,
250116-Contacts.xlsx,HEADERLESS_EMAILS,1,34,30,0,0,,
250117-Contacts.xlsx,HEADERLESS_EMAILS,1,39,37,0,0,,
250118-Contacts.xlsx,MANUAL,1,48,48,0,5,address|company|contact|phone|role,
250119-Contacts.xlsx,AUTO,1,27,27,2,0,contact|discipline|email|mobile|phone,
250122-Contacts.xlsx,AUTO,2,42,35,1,17,address|company|discipline|email|mobile|phone,
250124-Contacts.xlsx,AUTO,1,43,44,2,21,company|contact|email|mobile|phone,
250125-Contacts.xlsx,MANUAL,1,30,30,0,0,address|company|contact|phone|role,
250128-Contacts.xlsx,AUTO,1,27,23,0,0,company|contact|email|mobile|phone|role,
250130-Contacts.xlsx,AUTO,1,46,47,0,11,company|contact|email|phone|role,
250134-Contacts.xlsx,AUTO,1,53,53,0,4,company|contact|email|phone|role,
250135-Contacts.xlsx,ERROR,File is not a zip file,,,,,,
250136-Contacts.xlsx,AUTO,1,23,28,5,2,company|contact|discipline|email|phone,
250139-Contacts.xlsx,AUTO,1,31,32,4,0,discipline|email|phone,
250140-Contacts.xlsx,AUTO,1,14,16,2,0,contact|email|mobile|phone,
250142-Contacts.xlsx,AUTO,1,50,50,1,0,address|company|contact|discipline|email|mobile|phone|role,
250143-Contacts.xlsx,AUTO,1,59,58,0,19,company|contact|email|mobile|phone|role,
250144-Contacts.xlsx,MANUAL,1,42,42,0,4,address|company|contact|phone|role,
250149-Contacts.xlsx,AUTO,1,47,47,0,9,address|company|contact|email|phone|role,
250151-Contacts.xlsx,AUTO,1,18,22,0,0,company|contact|email|mobile|phone|role,
250152-Contacts.xlsx,AUTO,1,10,14,4,1,address|company|discipline|email|phone,
250156-Contacts.xlsx,AUTO,1,67,68,0,28,company|contact|discipline|email|mobile|phone,
250157-Contacts.xlsx,MANUAL,1,20,33,0,0,address|company|contact|discipline|mobile|phone,
260009-Contacts.xlsx,AUTO,1,15,24,8,0,address|contact|discipline|email|phone,
260011-Contacts.xlsx,AUTO,1,41,40,0,15,address|company|contact|discipline|email|mobile|phone,
260014-Contacts.xlsx,HEADERLESS_EMAILS,1,34,34,0,0,,
260015-Contacts.xlsx,HEADERLESS_EMAILS,1,32,31,0,0,,
260016-Contacts.csv,AUTO,1,52,52,0,0,company|contact|email|role,
260016-Contacts.xlsx,AUTO,1,52,52,0,0,company|contact|email|role,
260019-Contacts.xlsx,MANUAL,1,21,23,0,0,address|contact|mobile|phone,
260020-Contacts.xlsx,AUTO,1,37,39,1,15,company|contact|discipline|email|mobile|phone|role,
260021-Contacts.xlsx,AUTO,2,180,150,0,138,company|contact|email|mobile|role,
260022-Contacts.xlsx,AUTO,1,31,40,6,4,address|company|contact|email|mobile|phone,
260024-Contacts.xlsx,NON_CONTACT,0,0,0,0,0,,
260027-Contacts.xlsx,AUTO,1,20,20,0,8,company|contact|discipline|email|phone,
260029-Contacts.xlsx,AUTO,1,19,18,0,5,company|email|mobile|phone|role,
260030-Contacts.xlsx,MANUAL,1,28,30,0,7,address|company|contact|discipline|mobile|phone,
260031-Contacts.xlsx,AUTO,1,56,58,0,26,company|contact|discipline|email|mobile|phone,
260033-Contacts.xlsx,AUTO,1,305,300,0,8,company|contact|email|phone|role,
260038-Contacts.xlsx,AUTO,1,28,26,0,0,contact|email|mobile|phone,
260040-Contacts.xlsx,AUTO,1,43,43,0,4,address|company|contact|email|phone|role,
260046-Contacts.xlsx,AUTO,1,37,37,0,0,contact|discipline|email|mobile|phone,
260048-Contacts.xlsx,AUTO,1,12,12,0,3,address|company|contact|discipline|email|mobile|phone,
260049-Contacts.xlsx,AUTO,1,23,41,13,0,contact|email|phone,
260055-Contacts.xlsx,AUTO,1,22,21,0,0,company|contact|discipline|email|mobile|phone,
260057-Contacts.xlsx,AUTO,1,50,52,3,27,address|company|contact|email|mobile|phone|role,
260062-Contacts.xlsx,AUTO,1,34,35,0,21,company|contact|email|mobile|note|phone|role,
260063-Contacts.xlsx,AUTO,2,41,40,1,0,contact|discipline|email|mobile|phone|role,
260064-Contacts.xlsx,AUTO,1,21,21,0,0,address|contact|discipline|email|mobile|phone,
260067-Contacts.xlsx,AUTO,1,27,27,0,2,address|company|contact|email|phone|role,
260069-Contacts.xlsx,AUTO,1,8,8,0,2,company|contact|email|role,
260071-Contacts.xlsx,AUTO,1,18,22,0,1,company|contact|email|phone|role,
260072-Contacts.xlsx,AUTO,1,23,36,11,0,address|contact|discipline|email|phone,
260077-Contacts.xlsx,AUTO,1,21,21,0,0,contact|discipline|email|mobile|phone,
260082-Contacts.xlsx,AUTO,1,69,69,0,44,address|company|contact|discipline|email|mobile|phone,
260086-Contacts.xlsx,HEADERLESS_EMAILS,1,10,10,0,0,,
260090-Contacts.xlsx,AUTO,2,49,51,2,0,company|contact|email|mobile|phone|role,
260100-Contacts.xlsx,HEADERLESS_EMAILS,1,45,45,0,0,,
260101-Contacts.xlsx,AUTO,1,23,23,0,8,company|contact|email|phone|role,
260102-Contacts.xlsx,AUTO,1,40,40,0,24,company|contact|email|mobile|role,
